title,categories,address,price,date_posted,PIDs,beds,newly_built,serviced,furnished,baths,toilets,price_per_day_₦,price_per_month_₦,price_per_year_₦,state
5 Bedroom Detached Duplex,10 BEDROOM HOUSE FOR SHORTLET,"Off Ikeja Medical Center, Allen Avenue Ikeja Lagos","  100,000/day ",2023-07-18, 3JUYT,10,True,True,True,10,0,100000,3000000,36500000,Lagos
5 Bedroom Detached Duplex For Sale,9 BEDROOM OPEN SPACE FOR SHORTLET," victory Park Estate, Osapa, Lekki, Lagos Tureta Sokoto","  123,456 ",2019-02-04, 4BZWS,9,False,False,False,2,9,123456,1481472,45061440,Sokoto
4 Bedroom Duplex,9 BEDROOM HOUSE FOR SHORTLET,"Off Ikeja Medical Center, Allen Avenue Ikeja Lagos","  80,000/day ",2023-07-18, 8JUYT,9,False,False,False,9,0,80000,2400000,29200000,Lagos
Luxurious Nine (9)bedroom Guest House,9 BEDROOM DETACHED HOUSE FOR SHORTLET,Off Awolowo Road Ikoyi S.w Ikoyi Lagos,"  12,000 ",2019-02-05, 4BZXW,9,False,False,False,10,10,12000,144000,4380000,Lagos
Luxury & Royal 7 Bedroom Serviced Duplex,7 BEDROOM FLAT / APARTMENT FOR SHORTLET,Alalubosa Gra Alalubosa Ibadan Oyo,"  300,000/day ",2021-05-27, 2ETEZ,7,False,True,False,7,7,300000,9000000,109500000,Oyo
6 Bedroom Duplex,6 BEDROOM HOUSE FOR SHORTLET,Guzape Abuja,"  400,000/day ",2023-05-16, 8JLWY,6,False,True,True,6,7,400000,12000000,146000000,Abuja
Luxurious 6 Bedroom Duplex Party House,6 BEDROOM HOUSE FOR SHORTLET,Ogudu Ogudu Lagos,"  150,000/day ",2022-04-21, 8GLFS,6,True,True,True,7,7,150000,4500000,54750000,Lagos
6 Bedroom Duplex,6 BEDROOM FLAT / APARTMENT FOR SHORTLET,Lekki Lagos,"  350,000/day ",2022-10-21, 3HLTJ,6,True,True,True,6,7,350000,10500000,127750000,Lagos
Newly Built 6 Bedroom Duplex,6 BEDROOM FLAT / APARTMENT FOR SHORTLET,Lekki Phase 1 Lekki Lagos,"  300,000/day ",2022-03-17, 5GFQV,6,True,True,True,6,6,300000,9000000,109500000,Lagos
Tastefully Furnished 6 Bedrooms Serviced Apartment,6 BEDROOM HOUSE FOR SHORTLET,Vgc Vgc Lekki Lagos,"  150,000/day ",2022-01-08, 4FWPK,6,False,True,True,6,6,150000,4500000,54750000,Lagos
Work Station Office Cubicles Space At Lekki,6 BEDROOM HOUSE FOR SHORTLET,Lekki Phase 1 Lekki Lagos,"  47,000/month ",2021-02-04, 9EGGP,6,False,True,True,6,7,1566.6666666666667,47000,564000,Lagos
6 Bedroom Mansion,6 BEDROOM HOUSE FOR SHORTLET,Admiralty Way Lekki Lagos,"  280,000/day ",2022-09-14, 4HFZL,6,True,True,True,6,7,280000,8400000,102200000,Lagos
Newly Built 6 Bedroom House,6 BEDROOM FLAT / APARTMENT FOR SHORTLET,Lekki Phase 1 Lekki Lagos,"  300,000/day ",2022-04-14, 5GKLL,6,True,True,True,6,6,300000,9000000,109500000,Lagos
6 Bedroom Duplex,6 BEDROOM FLAT / APARTMENT FOR SHORTLET,Ori Oke Ogudu Lagos,"  100,000/day ",2022-10-04, 9HJNL,6,False,False,False,10,10,100000,3000000,36500000,Lagos
5bedroom Top Notch Appartment Fully Detached Duplex,6 BEDROOM HOUSE FOR SHORTLET,Oniru Victoria Island Lagos,"  95,000 ",2020-06-05, 4DJLU,6,True,False,False,5,6,95000,1140000,34675000,Lagos
Furnished 6 Bedroom Duplex,6 BEDROOM HOUSE FOR SHORTLET,Badore Ajah Lagos,"  120,000/day ",2022-10-04, 4HJND,6,False,True,True,6,6,120000,3600000,43800000,Lagos
6 Bedroom Duplex,6 BEDROOM HOUSE FOR SHORTLET,Chevron Lekki Lagos,"  160,000/day ",2021-07-02, 0EYNS,6,False,False,False,0,0,160000,4800000,58400000,Lagos
Furnished 6 Bedroom Flat,6 BEDROOM FLAT / APARTMENT FOR SHORTLET,Lekki Phase 1 Lekki Lagos,"  300,000/day ",2022-04-11, 0GKBY,6,True,True,True,6,6,300000,9000000,109500000,Lagos
5 Bedroom Maisonette,5 BEDROOM HOUSE FOR SHORTLET,Omole Phase 1 Ojodu Lagos,"  190,000/day ",2022-11-19, 1HQFX,5,True,True,True,5,6,190000,5700000,69350000,Lagos
Newly Built 24 Hrs Serviced 5 Bedroom All Rooms En Suite Semi Detached Duplex,5 BEDROOM HOUSE FOR SHORTLET,Oniru Victoria Island Lagos,"  150,000 ",2020-05-17, 8DGNQ,5,True,True,True,5,6,150000,1800000,54750000,Lagos
Five Bedroom Penthouse Apartment,5 BEDROOM FLAT / APARTMENT FOR SHORTLET,Chief Yusufu Abiodun Road Oniru Victoria Island Lagos,"  140,000/day ",2022-12-19, 9HTUK,5,False,True,True,5,6,140000,4200000,51100000,Lagos
5 Bedroom Pent House Apartment,5 BEDROOM FLAT / APARTMENT FOR SHORTLET,Oniru Victoria Island Lagos,"  135,000/day ",2022-08-26, 8HDQY,5,False,True,True,5,5,135000,4050000,49275000,Lagos
5 Bedroom Luxury Apartments,5 BEDROOM FLAT / APARTMENT FOR SHORTLET,"Phase 1, Lekki Lagos","  170,000/day ",2023-07-08, 6JTSR,5,True,True,True,5,5,170000,5100000,62050000,Lagos
Luxury 5 Bedroom Terraced Duplex,5 BEDROOM HOUSE FOR SHORTLET,"Awuse Estate, Opebi Ikeja Lagos","  160,000/day ",2023-05-23, 0JMTZ,5,False,True,True,5,6,160000,4800000,58400000,Lagos
5 Bedroom Duplex,5 BEDROOM HOUSE FOR SHORTLET,Chevron Lekki Lagos,"  150,000/day ",2022-11-05, 4HNPU,5,False,True,True,5,6,150000,4500000,54750000,Lagos
4bedroom Fully Detached,5 BEDROOM HOUSE FOR SHORTLET,Bridge Gate Estate Agungi Lekki Lagos,"  85,000/day ",2020-12-29, 9EDLU,5,True,False,True,5,6,85000,2550000,31025000,Lagos
5 Bedroom Mansion,5 BEDROOM HOUSE FOR SHORTLET,Ologolo Ologolo Lekki Lagos,"  160,000/day ",2022-09-25, 6HHJR,5,True,True,True,5,6,160000,4800000,58400000,Lagos
5 Bedroom Detached Duplex,5 BEDROOM HOUSE FOR SHORTLET,Megamound Estate Ikota Lekki Lagos,"  160,000/day ",2023-01-18, 9HXFG,5,False,True,True,5,5,160000,4800000,58400000,Lagos
Newly Built 5 Bedroom Flat Apartment For Shortlet,5 BEDROOM FLAT / APARTMENT FOR SHORTLET,Awuse Estate Opebi Opebi Ikeja Lagos,"  150,000 ",2020-06-28, 4DMCJ,5,True,True,True,5,5,150000,1800000,54750000,Lagos
Newly Built 5 Bedroom Detached Duplex,5 BEDROOM HOUSE FOR SHORTLET,"Cooperative Villa, Pine Court, Badore Ajah Lagos Badore Ajah Lagos","  2,500,000/year ",2020-12-16, 5ECVE,5,True,False,False,4,4,6849.315068493151,208333.33333333334,2500000,Lagos
Luxury 3 Bedroom Flat,5 BEDROOM FLAT / APARTMENT FOR SHORTLET, Oniru Victoria Island Lagos,"  90,000/day ",2021-05-04, 2EQKC,5,False,False,False,0,0,90000,2700000,32850000,Lagos
"5 Bedroom Exquisitely Furnished Duplex Shortlet For Parties,get Together, Bachelors Eve,all Parties..",5 BEDROOM HOUSE FOR SHORTLET,Serene Adeniyi Jone Street Adeniyi Jones Ikeja Lagos,"  150,000 ",2020-12-09, 7ECGG,5,True,True,True,5,6,150000,1800000,54750000,Lagos
5 Bedroom Duplex,5 BEDROOM HOUSE FOR SHORTLET,Oniru Victoria Island Lagos,"  220,000/day ",2022-11-23, 1HQUF,5,False,False,True,5,5,220000,6600000,80300000,Lagos
5 Bedroom Detached Duplex,5 BEDROOM FLAT / APARTMENT FOR SHORTLET, Ifako Ogba Ogba Lagos,"  6,000,000 ",2018-01-04, N5134,5,False,False,False,5,6,6000000,72000000,2190000000,Lagos
5 Bedroom Apartment,5 BEDROOM HOUSE FOR SHORTLET,Lekki Lagos,"  255,000/day ",2023-07-28, 2JWJU,5,False,False,True,5,5,255000,7650000,93075000,Lagos
5 Bedroom Apartment,5 BEDROOM HOUSE FOR SHORTLET,Ikate Lekki Lagos,"  180,000/day ",2021-06-07, 6EUQH,5,False,False,False,0,0,180000,5400000,65700000,Lagos
Premium 5 Bedroom Duplex,5 BEDROOM HOUSE FOR SHORTLET,Osapa Osapa London Lekki Lagos,"  140,000/day ",2021-08-31, 9FGMB,5,True,True,True,5,6,140000,4200000,51100000,Lagos
Luxury 5 Bedroom Detached Duplex,5 BEDROOM HOUSE FOR SHORTLET,"Asokoro Extension, Asokoro Abuja","  260,000/day ",2023-06-12, 2JQFM,5,False,True,True,5,6,260000,7800000,94900000,Abuja
Residential Land For Sale,5 BEDROOM LAND FOR SHORTLET," off Adebayo Street, Ago Palace Way, Okota, Isolo, Lagos Lau Taraba","  1,234,567 ",2019-02-04, 1BZWT,5,False,False,False,2,5,1234567,14814804,450616955,Taraba
Luxury 5 Bedroom Detached Duplex For Short Stay And Party House,5 BEDROOM HOUSE FOR SHORTLET,Z Chevron Lekki Lagos,"  200,000/day ",2021-06-03, 6EUEX,5,True,False,True,5,6,200000,6000000,73000000,Lagos
5 Bedroom Apartment,5 BEDROOM FLAT / APARTMENT FOR SHORTLET,"Off Freedom Way, Ikate Lekki Lagos","  180,000/day ",2023-03-23, 4JEFY,5,True,True,True,5,6,180000,5400000,65700000,Lagos
5 Bedroom Duplex,5 BEDROOM HOUSE FOR SHORTLET,Adeniyi Jones Ikeja Lagos,"  200,000/day ",2022-11-24, 6HQYL,5,False,False,True,6,6,200000,6000000,73000000,Lagos
5 Bedroom Detached Duplex,5 BEDROOM HOUSE FOR SHORTLET,Parkview Estate Ikoyi Lagos,"  250,000/day ",2023-06-01, 8JPAH,5,False,True,True,0,0,250000,7500000,91250000,Lagos
5 Bedroom Duplex,5 BEDROOM HOUSE FOR SHORTLET,"Off Anozie Street, Lekki Phase 1 Lekki Lagos","  150,000/day ",2023-06-15, 4JQUS,5,False,False,False,10,0,150000,4500000,54750000,Lagos
5 Bedrooms Duplex,5 BEDROOM HOUSE FOR SHORTLET,Governor Road Ikotun Ikotun Igando Lagos,"  130,000/day ",2022-05-30, 0GRSJ,5,False,True,True,7,7,130000,3900000,47450000,Lagos
5 Bedroom Detached Duplex,5 BEDROOM HOUSE FOR SHORTLET,Kolapo Ishola Gra Akobo Ibadan Oyo,"  160,000/day ",2022-10-19, 4HLNY,5,False,True,True,5,6,160000,4800000,58400000,Oyo
5 Bedrooms Duplex,5 BEDROOM FLAT / APARTMENT FOR SHORTLET,Adeniyi Jones Ikeja Lagos,"  100,000/day ",2022-06-14, 9GUCM,5,False,False,False,10,10,100000,3000000,36500000,Lagos
Luxurious 5 Bedroom Flat,5 BEDROOM FLAT / APARTMENT FOR SHORTLET,Ikate Lekki Lagos,"  250,000/day ",2022-11-05, 6HNNZ,5,True,True,True,5,6,250000,7500000,91250000,Lagos
5 Bedroom Maisonette,5 BEDROOM HOUSE FOR SHORTLET,Opebi Ikeja Lagos,"  170,000/day ",2023-01-16, 8HWYU,5,False,True,True,5,5,170000,5100000,62050000,Lagos
5 Bedroom Apartment,5 BEDROOM FLAT / APARTMENT FOR SHORTLET,Kayode Otitoju Street Lekki Phase 1 Lekki Lagos,"  150,000/day ",2023-03-23, 3JEED,5,False,True,True,5,6,150000,4500000,54750000,Lagos
5 Bedroom Apartment,5 BEDROOM FLAT / APARTMENT FOR SHORTLET,Lekki Lagos,"  170,000/day ",2023-06-06, 9JPRJ,5,True,True,True,5,6,170000,5100000,62050000,Lagos
5 Bedroom Duplex,5 BEDROOM HOUSE FOR SHORTLET,Lekki Lagos,"  290,000/day ",2023-07-17, 5JUXG,5,False,True,True,5,6,290000,8700000,105850000,Lagos
Tastefully Furnished 5bedrooms Detached Duplex,5 BEDROOM HOUSE FOR SHORTLET,Osapa London Lekki Lagos,"  125,000 ",2022-01-31, 0FZKE,5,False,True,True,5,5,125000,1500000,45625000,Lagos
Furnished 5 Bedroom Duplex,5 BEDROOM HOUSE FOR SHORTLET,Oniru Victoria Island Lagos,"  160,000/day ",2022-08-12, 9HBTY,5,False,True,True,5,6,160000,4800000,58400000,Lagos
5 Bedroom Flat,5 BEDROOM FLAT / APARTMENT FOR SHORTLET,Ikota Lekki Lagos,"  220,000/day ",2023-05-08, 4JKXU,5,False,False,False,5,6,220000,6600000,80300000,Lagos
Luxury 5 Bedroom Duplex,5 BEDROOM HOUSE FOR SHORTLET,Eleganza Gardens Estate Vgc Lekki Lagos,"  170,000/day ",2022-07-18, 8GYKJ,5,False,True,True,5,6,170000,5100000,62050000,Lagos
5 Bedroom Stand Alone Duplex,5 BEDROOM HOUSE FOR SHORTLET, Chevron Lekki Lagos,"  170,000/day ",2021-05-03, 8EQGK,5,False,False,False,0,0,170000,5100000,62050000,Lagos
Lovely 5 Bedroom Penthouse,5 BEDROOM FLAT / APARTMENT FOR SHORTLET,Oniru Victoria Island Lagos,"  202,000/day ",2023-07-29, 4JWPQ,5,False,False,True,5,5,202000,6060000,73730000,Lagos
5 Bedroom Duplex With Free Wi Fi,5 BEDROOM HOUSE FOR SHORTLET,Badore Ajah Lagos,"  120,000/day ",2022-10-03, 0HJJD,5,False,True,True,5,5,120000,3600000,43800000,Lagos
5 Bedroom Duplex,5 BEDROOM HOUSE FOR SHORTLET,Gaduwa Abuja,"  180,000/day ",2023-07-03, 6JSXQ,5,True,True,True,5,6,180000,5400000,65700000,Abuja
5 Bedroom Duplex,5 BEDROOM FLAT / APARTMENT FOR SHORTLET,Alade Allen Avenue Allen Avenue Ikeja Lagos,"  120,000/day ",2022-09-23, 1HHEL,5,False,False,False,10,10,120000,3600000,43800000,Lagos
5 Bedroom Apartment,5 BEDROOM HOUSE FOR SHORTLET,Oniru Victoria Island Lagos,"  135,000 ",2021-12-07, 2FTXV,5,False,False,True,5,6,135000,1620000,49275000,Lagos
5 Bedroom Duplex,5 BEDROOM HOUSE FOR SHORTLET,Vgc Lekki Lagos,"  350,000/day ",2022-12-27, 3HUWW,5,False,True,True,5,5,350000,10500000,127750000,Lagos
Saint Isabel Haven,5 BEDROOM HOUSE FOR SHORTLET,19 Adegoke Adedeji Street Eleyele Ibadan Oyo,"  110,000/day ",2020-09-11, 8DVMW,5,False,True,False,6,6,110000,3300000,40150000,Oyo
Furnished 5 Bedroom Terrace Duplex,5 BEDROOM HOUSE FOR SHORTLET,Parkview Estate Ikoyi Lagos,"  190,000/day ",2023-05-04, 5JKMG,5,False,False,True,6,6,190000,5700000,69350000,Lagos
5 Bedroom Duplex,5 BEDROOM FLAT / APARTMENT FOR SHORTLET,Adeniyi Jones Ikeja Lagos,"  130,000/day ",2023-02-17, 1JAQS,5,True,True,True,6,6,130000,3900000,47450000,Lagos
5 Bedroom Duplex,5 BEDROOM HOUSE FOR SHORTLET,"Conservation Road, Lekki Peninsula Ii Lekki Phase 2 Lekki Lagos","  95,000/day ",2023-03-08, 5JCMN,5,True,True,True,5,6,95000,2850000,34675000,Lagos
Promo: Luxury 5 Bedroom Detached Duplex,5 BEDROOM HOUSE FOR SHORTLET,Eleganza Gardens Estate Opposite Vgc Vgc Lekki Lagos,"  150,000/day ",2022-07-11, 6GXSG,5,True,True,True,5,6,150000,4500000,54750000,Lagos
Luxury 5 Bedroom Duplex,5 BEDROOM HOUSE FOR SHORTLET,S Apo Abuja,"  160,000 ",2021-07-11, 1EZVY,5,False,True,True,5,5,160000,1920000,58400000,Abuja
A 5 Bedroom Flat Shortlet Apartment,5 BEDROOM FLAT / APARTMENT FOR SHORTLET,Awuse Estate Opebi Ikeja Lagos,"  150,000 ",2021-03-07, 0EKEQ,5,True,True,True,5,6,150000,1800000,54750000,Lagos
5 Bedroom Duplex,5 BEDROOM HOUSE FOR SHORTLET,Chevron Lekki Lagos,"  170,000/day ",2022-09-07, 9HFDB,5,True,True,True,5,6,170000,5100000,62050000,Lagos
4bedroom Exquisite. Shortlet Duplex @adeniyi Jones..,5 BEDROOM HOUSE FOR SHORTLET,Serene Estate Adeniyi Jones Ikeja Lagos,"  150,000 ",2020-10-28, 2DZAQ,5,False,True,True,5,6,150000,1800000,54750000,Lagos
5 Bedroom Flat,5 BEDROOM HOUSE FOR SHORTLET,Ikate Lekki Lagos,"  130,000/day ",2023-01-20, 1HXML,5,False,True,True,5,5,130000,3900000,47450000,Lagos
5 Bedroom Apartment,5 BEDROOM HOUSE FOR SHORTLET,Professor Jubril Aminu Parkview Estate Ikoyi Lagos,"  200,000/day ",2022-10-24, 7HMAD,5,True,True,True,5,6,200000,6000000,73000000,Lagos
5 Bedroom Flat,5 BEDROOM FLAT / APARTMENT FOR SHORTLET, off Allen Avenue Ikeja Lagos,"  45,000 ",2019-02-04, 1BZWP,5,False,False,False,4,0,45000,540000,16425000,Lagos
5 Bedroom Party Apartment,5 BEDROOM FLAT / APARTMENT FOR SHORTLET,"Ihutaiyi Street, Off Palace Road, Oniru Victoria Island Lagos","  210,000/day ",2023-06-07, 8JPSC,5,False,True,True,5,6,210000,6300000,76650000,Lagos
5 Bedroom Terrace Duplex,5 BEDROOM HOUSE FOR SHORTLET,Oladipo Diya Way Gaduwa Abuja,"  180,000/day ",2023-01-25, 6HXZQ,5,False,False,False,5,6,180000,5400000,65700000,Abuja
Luxury 5 Bedroom Duplex,5 BEDROOM HOUSE FOR SHORTLET,Agungi Lekki Lagos,"  130,000/day ",2022-07-07, 6GXKY,5,True,True,True,5,0,130000,3900000,47450000,Lagos
Fully Furnished5 Bedroom Duplex In Gra,5 BEDROOM HOUSE FOR SHORTLET,New Gra Port Harcourt Rivers,"  2,700,000/month ",2023-07-05, 1JTHF,5,False,False,False,5,6,90000.0,2700000,32400000,Rivers
5 Bedroom Flat,5 BEDROOM FLAT / APARTMENT FOR SHORTLET,Victoria Island Lagos,"  200,000/day ",2022-12-13, 4HTDA,5,True,True,True,5,6,200000,6000000,73000000,Lagos
5 Bedroom Terrace Duplex,5 BEDROOM HOUSE FOR SHORTLET,Oniru Off Palace Road Oniru Victoria Island Lagos,"  150,000/day ",2022-02-21, 6GCGL,5,False,True,True,5,5,150000,4500000,54750000,Lagos
Furnished 5 Bedroom Detached Duplex,5 BEDROOM HOUSE FOR SHORTLET,Apo Abuja,"  270,000/day ",2023-06-12, 7JQFM,5,True,True,True,5,6,270000,8100000,98550000,Abuja
Sophisticated Standard 5 Bedroom Duplex,5 BEDROOM FLAT / APARTMENT FOR SHORTLET,Awuse State Opebi Ikeja Opebi Ikeja Lagos,"  100,000 ",2021-07-21, 4FBDV,5,False,False,False,6,6,100000,1200000,36500000,Lagos
5 Bedroom Luxury Semi Detached Duplex Serviced Apartment,5 BEDROOM HOUSE FOR SHORTLET,"Osapa London, Lekki Osapa London Lekki Lagos","  120,000/day ",2021-07-30, 6FCHM,5,True,True,True,5,6,120000,3600000,43800000,Lagos
5 Bedroom Terrace Duplex,5 BEDROOM HOUSE FOR SHORTLET,Oniru Victoria Island Lagos,"  140,000/day ",2022-07-06, 4GXFU,5,False,True,True,5,5,140000,4200000,51100000,Lagos
5 Bedroom Tastefully Finished Apartment,5 BEDROOM HOUSE FOR SHORTLET,Allen Avenue Ikeja Lagos,"  200,000/day ",2021-08-10, 2FDQP,5,False,False,False,5,6,200000,6000000,73000000,Lagos
5 Bedroom Stand Alone Duplex,5 BEDROOM HOUSE FOR SHORTLET,Lekki Lagos,"  150,000/day ",2021-06-07, 8EUQG,5,False,False,False,0,0,150000,4500000,54750000,Lagos
Newly Built 5 Bedroom Semi Detached Duplex,5 BEDROOM HOUSE FOR SHORTLET,New Bodija Ibadan Oyo,"  200,000/day ",2023-04-18, 1JHEZ,5,False,True,True,5,6,200000,6000000,73000000,Oyo
4 Bedroom Duplex With Two Floors,5 BEDROOM HOUSE FOR SHORTLET,Lekki Lagos,"  150,000/day ",2021-05-03, 4EQGL,5,False,False,False,0,0,150000,4500000,54750000,Lagos
Luxury 5 Bedroom Detached Duplex,5 BEDROOM HOUSE FOR SHORTLET,Parkview Estate Ikoyi Lagos,"  250,000/day ",2023-07-30, 7JWRK,5,False,True,True,5,5,250000,7500000,91250000,Lagos
5 Bedroom Apartment,5 BEDROOM FLAT / APARTMENT FOR SHORTLET,Ikate Lekki Lagos,"  155,000/day ",2023-07-29, 6JWNQ,5,False,False,True,5,5,155000,4650000,56575000,Lagos
5 Bedroom Duplex,5 BEDROOM HOUSE FOR SHORTLET,Kolapo Ishola Gra Akobo General Gas Area Akobo Ibadan Oyo,"  220,000/day ",2022-09-23, 6HHFD,5,True,True,True,5,6,220000,6600000,80300000,Oyo
5 Bedroom Duplex,5 BEDROOM HOUSE FOR SHORTLET,Asokoro Abuja,"  130,000/day ",2023-01-06, 3HVRC,5,True,True,True,5,6,130000,3900000,47450000,Abuja
5 Bedroom Apartment,5 BEDROOM HOUSE FOR SHORTLET,"Professor Jubril Aminu, Parkview Estate Ikoyi Lagos","  200,000/day ",2023-07-24, 2JVVR,5,False,True,True,5,6,200000,6000000,73000000,Lagos
5 Bedrooms Detached Duplex,5 BEDROOM HOUSE FOR SHORTLET,"Majekodunmi Street Opebi, Allen Opebi Ikeja Lagos","  3,000,000/year ",2020-12-16, 9ECVE,5,False,False,False,4,4,8219.17808219178,250000.0,3000000,Lagos
5 Bedroom Mansion,5 BEDROOM HOUSE FOR SHORTLET,Ikota Lekki Lagos,"  110,000/day ",2022-09-09, 3HFKZ,5,True,True,True,5,6,110000,3300000,40150000,Lagos
5 Bedroom Duplex,5 BEDROOM HOUSE FOR SHORTLET,Ikate Lekki Ikate Lekki Lagos,"  150,000 ",2022-03-02, 7GDJS,5,False,False,True,5,6,150000,1800000,54750000,Lagos
5 Bedroom Detached Duplex,5 BEDROOM DETACHED DUPLEX FOR SHORTLET,. Lekki Lagos,"  90,000 ",2019-02-12, 4CAJZ,5,False,True,True,5,6,90000,1080000,32850000,Lagos
5 Bedroom Duplex Penthouse,5 BEDROOM HOUSE FOR SHORTLET,Salvation Road Opebi Ikeja Lagos,"  100,000/day ",2022-10-26, 2HMJM,5,True,True,True,0,0,100000,3000000,36500000,Lagos
Beautiful 5 Bedroom Duplex,5 BEDROOM HOUSE FOR SHORTLET,Bridge Gate Estate Agungi Lekki Lagos,"  130,000/day ",2023-01-09, 8HVWR,5,False,True,True,6,6,130000,3900000,47450000,Lagos
Newly Built Tastefully Finished Luxurious 5 Bedroom Fully Serviced Detached Duplex,5 BEDROOM HOUSE FOR SHORTLET,Bridge Gate Estate Agungi Lekki Lagos,"  120,000/day ",2021-01-26, 6EFMP,5,True,True,True,5,6,120000,3600000,43800000,Lagos
Luxury 5 Bedroom Duplex,5 BEDROOM HOUSE FOR SHORTLET,Osapa London Lekki Lagos,"  180,000/day ",2021-05-21, 3ESKY,5,False,False,False,0,0,180000,5400000,65700000,Lagos
5 Bedroom Duplex,5 BEDROOM FLAT / APARTMENT FOR SHORTLET,Lekki Phase 1 Lekki Lagos,"  220,000 ",2022-02-17, 2GBVQ,5,False,False,False,5,6,220000,2640000,80300000,Lagos
5 Bedroom Detached Duplex,5 BEDROOM HOUSE FOR SHORTLET,Bodija Ibadan Oyo,"  145,000/day ",2023-07-03, 9JSZS,5,False,True,True,5,6,145000,4350000,52925000,Oyo
5 Bedroom Duplex Shortlet Apartment,5 BEDROOM HOUSE FOR SHORTLET,New Bodija Bodija Ibadan Oyo,"  200,000/day ",2023-04-16, 2JGZS,5,True,True,True,5,6,200000,6000000,73000000,Oyo
Detached 5 Bedroom Apartment,5 BEDROOM HOUSE FOR SHORTLET,Ikota Villa Ikota Lekki Lagos,"  120,000/day ",2022-08-16, 4HCGS,5,False,True,True,5,5,120000,3600000,43800000,Lagos
Fully Detached Serviced 5 Bedroom Duplex,5 BEDROOM HOUSE FOR SHORTLET,Kolapo Isola Gra Ibadan Oyo,"  100,000/day ",2022-03-13, 1GEYS,5,False,True,True,5,6,100000,3000000,36500000,Oyo
4 Bedroom Duplex,5 BEDROOM HOUSE FOR SHORTLET,Osapa London Lekki Lagos,"  380,000/day ",2022-12-27, 1HUWW,5,False,False,False,5,4,380000,11400000,138700000,Lagos
5 Bedroom Duplex,5 BEDROOM HOUSE FOR SHORTLET,Lekki Lagos,"  300,000/day ",2022-11-23, 9HQUE,5,False,False,True,5,5,300000,9000000,109500000,Lagos
Tastefully 2/3 Bedroom Apartments,5 BEDROOM HOUSE FOR SHORTLET,Ozumba Mbadiwe Victoria Island Lagos,"  150,000/day ",2022-01-20, 3FXYN,5,False,True,True,5,5,150000,4500000,54750000,Lagos
Lush 5 Bedroom Duplex Ikoyi,5 BEDROOM HOUSE FOR SHORTLET,Parkview Estate Ikoyi Lagos,"  250,000/day ",2023-07-31, 9JWTB,5,False,True,True,5,5,250000,7500000,91250000,Lagos
Luxury 4bedroom Duplex,4 BEDROOM HOUSE FOR SHORTLET,Chevron Lekki Lagos,"  100,000 ",2021-11-10, 2FQXQ,4,False,True,True,4,4,100000,1200000,36500000,Lagos
Luxury 4 Bedroom Terrace,4 BEDROOM HOUSE FOR SHORTLET,Katampe Main Abuja,"  140,000/day ",2022-05-26, 2GRGQ,4,False,True,True,4,5,140000,4200000,51100000,Abuja
Luxury 4 Bedroom Duplex,4 BEDROOM HOUSE FOR SHORTLET,Guzape Abuja,"  175,000/day ",2022-11-23, 8HQUD,4,False,True,True,4,5,175000,5250000,63875000,Abuja
4 Bedroom Apartment,4 BEDROOM FLAT / APARTMENT FOR SHORTLET,Victoria Island Lagos,"  210,000/day ",2023-05-16, 2JLXM,4,True,True,True,4,5,210000,6300000,76650000,Lagos
Exclusive Furnished 4 Bedroom Terrace Duplex,4 BEDROOM HOUSE FOR SHORTLET,Idejo Adeola Odeku Victoria Island Lagos,"  150,000/day ",2021-07-14, 0FAKJ,4,False,True,True,4,5,150000,4500000,54750000,Lagos
Furnish 4 Bedroom Terrace Duplex,4 BEDROOM HOUSE FOR SHORTLET,Oniru Oniru Victoria Island Lagos,"  140,000/day ",2020-09-06, 7DVAU,4,True,True,True,4,5,140000,4200000,51100000,Lagos
Furnish 4 Bedroom Terrace,4 BEDROOM HOUSE FOR SHORTLET,Oniru Oniru Victoria Island Lagos,"  140,000/day ",2020-09-10, 1DVJK,4,True,True,True,4,5,140000,4200000,51100000,Lagos
4 Bedrooms Terrace Duplex,4 BEDROOM HOUSE FOR SHORTLET,Oniru Victoria Island Lagos,"  145,000/day ",2022-10-07, 2HJXQ,4,True,True,True,4,5,145000,4350000,52925000,Lagos
4 Bedroom Duplex,4 BEDROOM HOUSE FOR SHORTLET,Ikate Lekki Lagos,"  120,000/day ",2022-12-02, 6HRXY,4,True,True,True,4,5,120000,3600000,43800000,Lagos
"Exquisite 4 Bedroom Duplex. Chevron, Lekki",4 BEDROOM HOUSE FOR SHORTLET,Chevron Lekki Lagos,"  95,000/day ",2021-11-21, 0FRZM,4,False,True,True,5,5,95000,2850000,34675000,Lagos
Exquisite 4 Bedroom Apartment. Osapa Lekki,4 BEDROOM FLAT / APARTMENT FOR SHORTLET,Osapa London Lekki Lagos,"  100,000/day ",2021-11-20, 2FRZL,4,False,True,True,5,5,100000,3000000,36500000,Lagos
Luxury 3 Bedroom Apartment,4 BEDROOM FLAT / APARTMENT FOR SHORTLET,Banana Island Ikoyi Lagos,"  150,000/day ",2022-07-28, 6GZYA,4,False,True,True,3,4,150000,4500000,54750000,Lagos
Luxury 3 Bedroom Serviced Apartment,4 BEDROOM FLAT / APARTMENT FOR SHORTLET,Victoria Island Lagos,"  150,000/day ",2023-02-22, 8JBCK,4,False,False,False,3,4,150000,4500000,54750000,Lagos
4 Bedroom Detached House,4 BEDROOM HOUSE FOR SHORTLET,Chevron Lekki Lagos,"  150,000/day ",2022-09-17, 6HGJK,4,True,False,True,4,5,150000,4500000,54750000,Lagos
4 Bedroom Maisonette (fully Serviced),4 BEDROOM HOUSE FOR SHORTLET,Gerard Road Ikoyi Lagos,"  180,000/day ",2022-12-16, 9HTNX,4,True,True,True,4,4,180000,5400000,65700000,Lagos
"Luxuriously Furnished Detached 4 Bedroom Duplex Comes With Snooker Board, Table Tennis And Ps5",4 BEDROOM HOUSE FOR SHORTLET,Ikate Lekki Lagos,"  130,000/day ",2022-08-24, 6HDLE,4,False,True,True,4,4,130000,3900000,47450000,Lagos
4 Bedroom Luxury Apartment,4 BEDROOM HOUSE FOR SHORTLET,Oniru Victoria Island Lagos,"  155,000/day ",2022-09-26, 1HHKV,4,True,True,True,4,4,155000,4650000,56575000,Lagos
Luxury 4 Bedroom Apartment,4 BEDROOM HOUSE FOR SHORTLET,Lekki Phase 1 Lekki Lagos,"  150,000/day ",2023-05-22, 5JMPU,4,False,False,True,4,5,150000,4500000,54750000,Lagos
Fully Furnished Penthouse With Swimming Pool,4 BEDROOM FLAT / APARTMENT FOR SHORTLET,Lekki Phase 1 Lekki Lagos,"  170,000/day ",2023-01-28, 4HYJR,4,False,True,False,4,5,170000,5100000,62050000,Lagos
Furnished 4 Bedroom Apartment,4 BEDROOM HOUSE FOR SHORTLET,Oral Estate Lekki Lagos,"  100,000 ",2022-08-03, 2HANU,4,False,True,True,4,5,100000,1200000,36500000,Lagos
Brand New 4 Bedroom Apartment,4 BEDROOM HOUSE FOR SHORTLET,Ikota Villa Gra Lekki Lagos,"  90,000/day ",2023-03-06, 6JCEP,4,False,True,True,4,4,90000,2700000,32850000,Lagos
4 Bedroom Flat,4 BEDROOM FLAT / APARTMENT FOR SHORTLET,Off Bishop Oluwole Road Victoria Island Lagos,"  65,000 ",2019-02-04, 8BZXC,4,True,True,True,4,5,65000,780000,23725000,Lagos
Newly Built Furnished 4 Bedroom Duplex,4 BEDROOM HOUSE FOR SHORTLET,Chevy View Estate Chevron Lekki Lagos,"  85,000 ",2019-07-23, 8CLAB,4,True,False,False,4,5,85000,1020000,31025000,Lagos
4 Bedroom Semi Detached Duplex,4 BEDROOM HOUSE FOR SHORTLET,"Lekki Palm City Estate, Ado Ajah Lagos","  100,000/day ",2022-08-14, 2HBZG,4,False,True,True,5,5,100000,3000000,36500000,Lagos
"Top Notch 4 Bedrooms Duplex, We Accept Party Put Different Price",4 BEDROOM HOUSE FOR SHORTLET,Alfa Beach Lekki Phase 2 Lekki Lagos,"  80,000 ",2022-01-05, 3FWFC,4,False,True,True,4,4,80000,960000,29200000,Lagos
4 Bedroom Duplex,4 BEDROOM HOUSE FOR SHORTLET,Ologolo Ologolo Lekki Lagos,"  140,000/day ",2022-10-21, 8HLTC,4,True,True,True,4,5,140000,4200000,51100000,Lagos
Furnished And Service 4bedroom Flat Penthouse Bfor Short Let,4 BEDROOM FLAT / APARTMENT FOR SHORTLET,Prime Water Garden 2 Lekki Phase 2 Lekki Lagos,"  160,000 ",2020-12-19, 9EDBN,4,False,False,False,4,5,160000,1920000,58400000,Lagos
Haap Flex 4 Bedroom Apartment,4 BEDROOM FLAT / APARTMENT FOR SHORTLET,4 Dapo Solanke Close Lekki Phase 1 Lekki Lagos,"  120,000/day ",2022-05-19, 8GQBZ,4,False,False,True,0,0,120000,3600000,43800000,Lagos
4 Bedroom Fully Detach Duplex,4 BEDROOM HOUSE FOR SHORTLET,No 4a Harmony Close Agungi East Estate Opposite Domino Pizza Agungi Agungi Lekki Lagos,"  100,000/day ",2022-07-13, 4GXYV,4,False,False,True,4,5,100000,3000000,36500000,Lagos
4 Bedroom Duplex,4 BEDROOM FLAT / APARTMENT FOR SHORTLET,Osapa London Lekki Lagos,"  130,000/day ",2022-12-08, 0HSQN,4,True,True,True,5,5,130000,3900000,47450000,Lagos
Exquisitely Furnished 4bedrooms,4 BEDROOM HOUSE FOR SHORTLET,Agungi Agungi Lekki Lagos,"  135,000 ",2022-01-31, 7FZJZ,4,False,True,True,4,4,135000,1620000,49275000,Lagos
4 Bedroom Duplex,4 BEDROOM HOUSE FOR SHORTLET,By Hotel Bus Stop Diamond Estate Phase 3 Pipeline Alimosho Lagos,"  150,000/month ",2022-05-25, 4GQYK,4,False,False,False,0,0,5000.0,150000,1800000,Lagos
4 Bedroom Semi Detached Duplex,4 BEDROOM HOUSE FOR SHORTLET,Lekki Lagos,"  60,000/day ",2023-02-12, 6JAAX,4,False,True,True,4,5,60000,1800000,21900000,Lagos
4 Bedroom Detached Duplex,4 BEDROOM HOUSE FOR SHORTLET,Apo Abuja,"  30,000,000/day ",2023-05-08, 4JKXS,4,False,True,True,4,5,30000000,900000000,10950000000,Abuja
4 Bedroom Duplex,4 BEDROOM HOUSE FOR SHORTLET,Ikota Road Lekki Lagos,"  90,000/day ",2023-05-05, 9JKPX,4,True,True,True,4,5,90000,2700000,32850000,Lagos
4 Bedroom Duplex,4 BEDROOM HOUSE FOR SHORTLET,Vgc Lekki Lagos,"  150,000/day ",2023-02-03, 0HZBK,4,True,True,True,3,4,150000,4500000,54750000,Lagos
4 Bedrooms Apartment,4 BEDROOM HOUSE FOR SHORTLET,Ikeja Lagos,"  160,000/day ",2023-01-16, 0HWYW,4,False,True,True,4,5,160000,4800000,58400000,Lagos
4 Bedroom Terrace Duplex,4 BEDROOM HOUSE FOR SHORTLET,Asokoro Abuja,"  200,000/day ",2023-03-02, 0JBUE,4,False,False,False,5,0,200000,6000000,73000000,Abuja
4 Bedroom Duplex,4 BEDROOM HOUSE FOR SHORTLET,Ikota Lekki Lagos,"  140,000/day ",2023-02-17, 8JAQR,4,True,True,True,4,4,140000,4200000,51100000,Lagos
Haap Flex 4 Bedroom Apartment,4 BEDROOM FLAT / APARTMENT FOR SHORTLET,"No 4, Isujeh Street, Off Spa Road Ikate Lekki Lagos","  110,000/day ",2022-05-20, 2GQEP,4,False,False,True,4,1,110000,3300000,40150000,Lagos
Newly Built Shortlet Apartment,4 BEDROOM HOUSE FOR SHORTLET,"Off Adelabu Road, Surulere Adelabu Surulere Lagos","  90,000/day ",2022-01-07, 6FWNK,4,True,True,True,4,5,90000,2700000,32850000,Lagos
4 Bedroom Duplex,4 BEDROOM HOUSE FOR SHORTLET,Lokogoma Abuja,"  70,000/day ",2023-01-11, 2HWEY,4,False,True,True,4,5,70000,2100000,25550000,Abuja
4 Bedroom Flat,4 BEDROOM FLAT / APARTMENT FOR SHORTLET,Chevron Lekki Lagos,"  130,000/day ",2023-01-13, 0HWQR,4,False,False,False,3,3,130000,3900000,47450000,Lagos
4bedroom Semi Detached Penthouse,4 BEDROOM HOUSE FOR SHORTLET,Lekki Phase1 Lekki Phase 1 Lekki Lagos,"  90,000/day ",2021-01-15, 8EEPV,4,False,False,True,4,5,90000,2700000,32850000,Lagos
4 Bedrooms Duplex,4 BEDROOM HOUSE FOR SHORTLET,Anthony Village Maryland Lagos,"  75,000/day ",2022-06-14, 3GUCN,4,False,False,False,8,8,75000,2250000,27375000,Lagos
Furnished 4 Bedroom Semi Detached Duplex,4 BEDROOM HOUSE FOR SHORTLET,"N01w 4, Brains And Hammers City, Life Camp Life Camp Abuja","  80,000/day ",2022-08-26, 8HDRZ,4,True,True,True,4,5,80000,2400000,29200000,Abuja
Luxury 4 Bedroom Flat,4 BEDROOM HOUSE FOR SHORTLET,Fola Osibo Lekki Phase 1 Lekki Lagos,"  9,000,000/day ",2022-08-20, 1HCYU,4,False,True,False,4,4,9000000,270000000,3285000000,Lagos
Newly 4 Bedroom Semi Detached Duplex With Bq,4 BEDROOM FLAT / APARTMENT FOR SHORTLET,Ikate Lekki Lagos,"  130,000,000 ",2022-03-08, 0GEGJ,4,False,False,False,4,4,130000000,1560000000,47450000000,Lagos
4 Bedroom Duplex,4 BEDROOM FLAT / APARTMENT FOR SHORTLET,Lekki Lagos,"  190,000/day ",2022-12-23, 1HUPM,4,True,True,True,4,5,190000,5700000,69350000,Lagos
4 Bedroom Duplex,4 BEDROOM HOUSE FOR SHORTLET,Lekki Lagos,"  120,000/day ",2021-06-07, 4EUQH,4,False,False,False,0,0,120000,3600000,43800000,Lagos
Executive 4 Bedroom Duplex With Excellent Facilities,4 BEDROOM HOUSE FOR SHORTLET,Ikate Lekki Lagos,"  140,000/day ",2021-07-12, 6EZZU,4,False,False,True,4,5,140000,4200000,51100000,Lagos
Exclusive 4 Bedroom Duplex Stand Alone,4 BEDROOM FLAT / APARTMENT FOR SHORTLET, Lekki Phase 1 Lekki Lagos,"  140,000/day ",2021-04-29, 2EPZJ,4,True,True,True,4,4,140000,4200000,51100000,Lagos
Exclusive 4bedroom Apartment,4 BEDROOM FLAT / APARTMENT FOR SHORTLET, Ikate Lekki Lagos,"  100,000/day ",2021-04-29, 1EPZL,4,True,True,True,4,4,100000,3000000,36500000,Lagos
4 Bedroom Terrace Duplex For Short Let,4 BEDROOM HOUSE FOR SHORTLET, Ikeja Lagos,"  120,000/day ",2021-05-17, 7ERVE,4,False,False,False,4,5,120000,3600000,43800000,Lagos
4 Bedroom Duplex With Swimming Pool Lekk Short Yi Ikate For,4 BEDROOM FLAT / APARTMENT FOR SHORTLET,Ikate Lekki Lagos,"  95,000/day ",2021-11-23, 6FSFL,4,False,True,True,4,5,95000,2850000,34675000,Lagos
4 Bedroom Duplex,4 BEDROOM HOUSE FOR SHORTLET,Bodija Ibadan Oyo,"  170,000/day ",2022-11-11, 4HPGJ,4,False,True,True,4,5,170000,5100000,62050000,Oyo
4 Bedroom Duplex,4 BEDROOM HOUSE FOR SHORTLET,Chisco Ikate Lekki Lagos,"  70,000/day ",2021-11-10, 7FQXK,4,False,False,False,4,5,70000,2100000,25550000,Lagos
Sophisticated Standard 4 Bedroom Flat,4 BEDROOM FLAT / APARTMENT FOR SHORTLET, Omole Phase 2 Ojodu Lagos,"  60,000/day ",2021-05-11, 7ERCF,4,False,False,False,6,6,60000,1800000,21900000,Lagos
Tastefully Furnished 4 Bedroom Fully Detached House For Shortlet Purposes,4 BEDROOM HOUSE FOR SHORTLET,Chevron Lekki Lagos,"  95,000/day ",2021-06-10, 4EVDU,4,False,False,False,4,5,95000,2850000,34675000,Lagos
4 Bedroom Duplex,4 BEDROOM HOUSE FOR SHORTLET,Lekki Lagos,"  300,000/day ",2022-11-23, 4HQUD,4,False,False,True,4,4,300000,9000000,109500000,Lagos
Haap Flex 4 Bedroom Shortlet At Bluewaters,4 BEDROOM FLAT / APARTMENT FOR SHORTLET,Bluewaters Apartment Lekki Phase 1 Lekki Lagos,"  150,000/day ",2023-02-24, 9JBHM,4,False,False,True,4,1,150000,4500000,54750000,Lagos
Luxury 4 Bedroom Duplex,4 BEDROOM HOUSE FOR SHORTLET,Asokoro Abuja,"  100,000/day ",2023-01-06, 5HVRC,4,True,True,True,4,5,100000,3000000,36500000,Abuja
4 Bedroom Terraced Duplex For Rent,4 BEDROOM FLAT / APARTMENT FOR SHORTLET," ahmed Kasamu Street, Chevy View Estate Chevron Lekki Lagos","  4,000,000 ",2019-01-22, 7BZEF,4,True,True,True,4,5,4000000,48000000,1460000000,Lagos
Executive 4 Bedroom Terrace Duplex,4 BEDROOM HOUSE FOR SHORTLET,Guzape Abuja,"  100,000/day ",2023-01-03, 2HVHP,4,False,True,True,4,5,100000,3000000,36500000,Abuja
Furnished 4 Bedroom Semi Detached House Lekki Phase 1 Lagos,4 BEDROOM HOUSE FOR SHORTLET,B19 Victoria Bay 3 Estate Ikate Lekkki Lagos Lekki Phase 1 Lekki Lagos,"  130,000/day ",2021-11-01, 6FPVX,4,True,True,True,4,5,130000,3900000,47450000,Lagos
Furnished 4 Bedroom Duplex,4 BEDROOM FLAT / APARTMENT FOR SHORTLET,Ikate Lekki Lagos,"  120,000/day ",2022-04-13, 2GKGA,4,True,True,True,4,4,120000,3600000,43800000,Lagos
Newly Built 4 Bedroom Duplex,4 BEDROOM FLAT / APARTMENT FOR SHORTLET,Ikate Lekki Lagos,"  90,000/day ",2022-03-13, 8GEZL,4,True,True,True,4,4,90000,2700000,32850000,Lagos
Well Furnished 4 Bedroom Duplex,4 BEDROOM FLAT / APARTMENT FOR SHORTLET,Ikate Lekki Lagos,"  140,000/day ",2022-04-15, 9GKNQ,4,True,True,True,4,4,140000,4200000,51100000,Lagos
4 Bedroom Duplex,4 BEDROOM FLAT / APARTMENT FOR SHORTLET,Ikate Lekki Lagos,"  120,000/day ",2023-02-01, 2HYUS,4,True,True,True,4,5,120000,3600000,43800000,Lagos
4 Bedroom Duplex,4 BEDROOM HOUSE FOR SHORTLET,Gra Ogudu Lagos,"  110,000/day ",2022-12-07, 7HSNB,4,False,True,False,4,5,110000,3300000,40150000,Lagos
4 Bedroom Duplex,4 BEDROOM FLAT / APARTMENT FOR SHORTLET,Ikate Lekki Lagos,"  130,000/day ",2023-07-28, 7JWKW,4,False,False,True,4,4,130000,3900000,47450000,Lagos
4 Bedroom Flat,4 BEDROOM FLAT / APARTMENT FOR SHORTLET,Vgc Lekki Lagos,"  140,000/day ",2023-07-28, 3JWJX,4,False,False,True,4,4,140000,4200000,51100000,Lagos
4 Bedroom Terrace Duplex Available For Party,4 BEDROOM FLAT / APARTMENT FOR SHORTLET,Ikota Lekki Lagos,"  200,000/day ",2023-02-17, 0JASC,4,True,True,True,4,5,200000,6000000,73000000,Lagos
Luxurious 4 Bedroom With Executive Bar And Snooker Board,4 BEDROOM FLAT / APARTMENT FOR SHORTLET,Lekki Phase 1 Lekki Lagos,"  250,000/day ",2020-08-30, 3DUHM,4,False,False,True,4,5,250000,7500000,91250000,Lagos
Spacious 4bedroom Duplex,4 BEDROOM HOUSE FOR SHORTLET,Ogudu Gra Ogudu Gra Ogudu Lagos,"  120,000 ",2022-01-06, 4FWHJ,4,False,False,False,4,4,120000,1440000,43800000,Lagos
Furnish 4 Bedroom Duplex,4 BEDROOM HOUSE FOR SHORTLET,Oral Estate Oral Estate Lekki Lagos,"  90,000/day ",2022-06-29, 3GWHT,4,False,True,True,4,5,90000,2700000,32850000,Lagos
Cozy 4 Bedroom Apartment,4 BEDROOM HOUSE FOR SHORTLET,Magodo Shangisha Magodo Gra Phase 2 Kosofe Ikosi Lagos,"  95,000/day ",2022-07-08, 1GXLV,4,False,True,True,4,4,95000,2850000,34675000,Lagos
Luxury 4bedroom Duplex With Swimming Pool,4 BEDROOM HOUSE FOR SHORTLET,Asokoro Abuja,"  150,000 ",2021-12-31, 7FVYA,4,False,True,True,4,4,150000,1800000,54750000,Abuja
Luxury 4 Bedroom Duplex,4 BEDROOM HOUSE FOR SHORTLET,Wuse 2 Abuja,"  140,000/day ",2022-08-11, 7HBRZ,4,False,True,True,4,5,140000,4200000,51100000,Abuja
Luxury 4bedroom Apartment,4 BEDROOM HOUSE FOR SHORTLET,Guzape Abuja,"  160,000 ",2022-04-29, 5GMHG,4,False,True,True,4,5,160000,1920000,58400000,Abuja
All New Furnish 4 Bedroom Terrace,4 BEDROOM HOUSE FOR SHORTLET,Osapa Osapa London Lekki Lagos,"  100,000/day ",2021-08-08, 5FDHK,4,True,True,True,4,5,100000,3000000,36500000,Lagos
4 Bedroom Terrace Duplex,4 BEDROOM HOUSE FOR SHORTLET,Bourdillon Ikoyi Lagos,"  220,000/day ",2023-03-14, 6JDET,4,True,True,True,4,5,220000,6600000,80300000,Lagos
Furnished 4 Bedroom Apartment,4 BEDROOM FLAT / APARTMENT FOR SHORTLET,Ikate Lekki Lagos,"  85,000/day ",2022-08-12, 7HBVD,4,False,True,True,4,4,85000,2550000,31025000,Lagos
4 Bedroom Terrace Duplex,4 BEDROOM HOUSE FOR SHORTLET,Oniru Victoria Island Lagos,"  140,000/day ",2022-08-26, 6HDTA,4,False,True,True,4,4,140000,4200000,51100000,Lagos
Furnished 4bedroom Duplex With Ps5,4 BEDROOM HOUSE FOR SHORTLET,Oniru Oniru Victoria Island Lagos,"  140,000/day ",2022-08-29, 0HDZE,4,False,True,True,4,4,140000,4200000,51100000,Lagos
4 Bedroom Duplex,4 BEDROOM HOUSE FOR SHORTLET,Lekki Phase 1 Lekki Phase 1 Lekki Lagos,"  130,000/day ",2022-05-26, 0GRFM,4,False,False,True,4,4,130000,3900000,47450000,Lagos
4 Bedroom Semi Detached Duplex,4 BEDROOM COMMERCIAL PROPERTY FOR SHORTLET,Lekki Phase 1 Lekki Lagos,"  200,000/day ",2023-02-25, 9JBKQ,4,False,True,True,4,5,200000,6000000,73000000,Lagos
4 Bedroom Semi Detached Duplex,4 BEDROOM HOUSE FOR SHORTLET,Atlantis Estate Ologolo Lekki Lagos,"  130,000/day ",2023-02-25, 3JBKJ,4,False,True,True,4,4,130000,3900000,47450000,Lagos
4 Bedroom Flat,4 BEDROOM FLAT / APARTMENT FOR SHORTLET,Lekki Phase 1 Lekki Lagos,"  140,000/day ",2022-11-08, 3HNXA,4,False,True,True,0,0,140000,4200000,51100000,Lagos
4 Bedroom Semi Detached Duplex House,4 BEDROOM HOUSE FOR SHORTLET,Life Camp Abuja,"  90,000/day ",2021-09-01, 8FGNF,4,False,True,False,4,5,90000,2700000,32850000,Abuja
Luxury 4 Bedroom Detached Duplex,4 BEDROOM HOUSE FOR SHORTLET,Banana Island Ikoyi Lagos,"  280,000 ",2023-05-18, 0JMEG,4,False,True,True,4,5,280000,3360000,102200000,Lagos
Stunning 4 Bedroom Apartment,4 BEDROOM FLAT / APARTMENT FOR SHORTLET,Guzape Abuja,"  180,000/day ",2023-05-15, 3JLTZ,4,False,True,True,5,5,180000,5400000,65700000,Abuja
Tastefully Finished And Furnished 4 Bedroom Maisonette,4 BEDROOM HOUSE FOR SHORTLET,Off Oba Akinjobi Way Ikeja Gra Ikeja Lagos,"  70,000/day ",2021-04-21, 9EPEW,4,False,False,False,4,5,70000,2100000,25550000,Lagos
Premium 4 Bedroom Duplex,4 BEDROOM HOUSE FOR SHORTLET,Chevron Chevron Lekki Lagos,"  105,000/day ",2021-07-23, 9FBLD,4,True,True,True,4,5,105000,3150000,38325000,Lagos
Furnished 4 Bedroom Semi Detached Duplex,4 BEDROOM HOUSE FOR SHORTLET,Alperton Residence Osapa London Lekki Lagos,"  140,000/day ",2022-12-25, 0HUUC,4,False,False,True,0,0,140000,4200000,51100000,Lagos
Tastefully Furnished 4bedrooms Paragon,4 BEDROOM FLAT / APARTMENT FOR SHORTLET,Ikate Ikate Lekki Lagos,"  85,000 ",2021-09-01, 9FGPK,4,False,True,True,4,4,85000,1020000,31025000,Lagos
Luxury 4 Bedroom Detached Duplex,4 BEDROOM HOUSE FOR SHORTLET,"Orchid, Lekki Lagos","  170,000/day ",2023-05-29, 9JNLM,4,True,True,True,4,5,170000,5100000,62050000,Lagos
Home From Home,4 BEDROOM HOUSE FOR SHORTLET,Lekki Phase 2 Lekki Lagos,"  100,000/day ",2022-05-25, 5GRCQ,4,True,True,True,4,5,100000,3000000,36500000,Lagos
4 Bedroom Party Apartment,4 BEDROOM FLAT / APARTMENT FOR SHORTLET,"Alhujjaj Road, Off Platinum Way, Ikate Lekki Lagos","  250,000/day ",2023-06-07, 7JPSD,4,False,True,True,4,5,250000,7500000,91250000,Lagos
Newly Built 4 Bedroom Detached Duplex,4 BEDROOM HOUSE FOR SHORTLET,Lekki Phase 1 Lekki Phase 1 Lekki Lagos,"  100,000 ",2020-01-07, 1CWTJ,4,True,True,True,4,5,100000,1200000,36500000,Lagos
Fully Furnished 4bedroom Detached Duplex,4 BEDROOM HOUSE FOR SHORTLET,Off Admirathy Way Lekki Lekki Phase 1 Lekki Lagos,"  150,000 ",2021-07-18, 6FAXL,4,False,False,False,4,5,150000,1800000,54750000,Lagos
Furnished 4 Bedroom Detached Duplex,4 BEDROOM HOUSE FOR SHORTLET,"Spring Bay Estate, Off Freedom Way, Ikate Lekki Lagos","  150,000/day ",2023-04-27, 0JJNC,4,False,False,False,4,5,150000,4500000,54750000,Lagos
4bedroom Self Compound With Pool,4 BEDROOM HOUSE FOR SHORTLET,Osapa London Lekki Lagos,"  95,000/day ",2021-12-08, 3FUAX,4,False,True,True,5,5,95000,2850000,34675000,Lagos
Luxury 4 Bedroom Duplex,4 BEDROOM HOUSE FOR SHORTLET,Opebi Ikeja Lagos,"  90,000/day ",2022-07-16, 4GYHE,4,False,True,True,5,5,90000,2700000,32850000,Lagos
4 Bedroom Terrace Duplex,4 BEDROOM HOUSE FOR SHORTLET,Lekki Phase 1 Lekki Lagos,"  140,000/day ",2022-09-08, 5HFFG,4,True,True,True,4,5,140000,4200000,51100000,Lagos
Furnished 4 Bedroom Duplex,4 BEDROOM HOUSE FOR SHORTLET,Admiralty Way Lekki Phase 1 Lekki Lagos,"  130,000/day ",2022-08-12, 0HBUD,4,True,True,True,4,5,130000,3900000,47450000,Lagos
4 Bedroom Duplex,4 BEDROOM HOUSE FOR SHORTLET,Ikate Ikate Lekki Lagos,"  130,000/day ",2022-05-24, 1GQUT,4,False,True,True,4,5,130000,3900000,47450000,Lagos
4 Bedroom Duplex,4 BEDROOM HOUSE FOR SHORTLET,Horizon 2 Estate Ikate Lekki Lagos,"  100,000/day ",2023-03-21, 3JDYH,4,False,True,True,4,5,100000,3000000,36500000,Lagos
Fully Furnished 4 Bedroom Terrace Duplex,4 BEDROOM HOUSE FOR SHORTLET,Orchid Road Lekki Lagos,"  90,000/day ",2022-09-06, 6HFAE,4,True,True,True,4,5,90000,2700000,32850000,Lagos
Four Bedroom Semidetached Duplex,4 BEDROOM FLAT / APARTMENT FOR SHORTLET,Ikate Lekki Lagos,"  120,000/day ",2023-03-22, 5JECP,4,True,True,True,4,5,120000,3600000,43800000,Lagos
4 Bedroom Terrace Apartment@ Guzape,4 BEDROOM HOUSE FOR SHORTLET,Guzape Abuja,"  3,000,000/month ",2021-07-06, 2EZEL,4,False,True,False,4,4,100000.0,3000000,36000000,Abuja
4 Bedroom Semi Detached Duplex,4 BEDROOM COMMERCIAL PROPERTY FOR SHORTLET,Chevron Lekki Lagos,"  200,000/day ",2023-06-16, 9JQWY,4,False,False,False,4,4,200000,6000000,73000000,Lagos
4 Bedroom Terrace Duplex,4 BEDROOM HOUSE FOR SHORTLET,Ikeja Lagos,"  170,000/day ",2022-12-20, 7HUBP,4,False,True,True,4,5,170000,5100000,62050000,Lagos
4 Bedroom Flat,4 BEDROOM COMMERCIAL PROPERTY FOR SHORTLET,Ogudu Lagos,"  90,000/day ",2023-06-29, 4JSMX,4,False,False,True,3,4,90000,2700000,32850000,Lagos
Beautifully Furnished Luxurious Shortlet 4bedroom Detached Duplex With A Room Boy's Quarter,4 BEDROOM HOUSE FOR SHORTLET,Off Chevron Drive Chevron Lekki Lagos,"  130,000/day ",2020-09-17, 8DVZB,4,False,True,True,4,5,130000,3900000,47450000,Lagos
A Luxury Furnished 4bedroom Duplex Shortlet With Snooker Board Etc,4 BEDROOM HOUSE FOR SHORTLET,Magodo Gate Shangisha Kosofe Ikosi Lagos,"  100,000 ",2021-01-04, 3EDTV,4,False,True,True,4,5,100000,1200000,36500000,Lagos
4 Bedroom Flat,4 BEDROOM COMMERCIAL PROPERTY FOR SHORTLET,Opebi Ikeja Lagos,"  220,000/day ",2023-06-14, 0JQQF,4,False,False,False,4,5,220000,6600000,80300000,Lagos
Executive 4bedroom Terrace Duplex Serviced Apartment,4 BEDROOM HOUSE FOR SHORTLET,Akora Adeniyi Jones Ikeja Lagos,"  100,000/day ",2022-02-12, 2GBCD,4,False,True,True,5,5,100000,3000000,36500000,Lagos
Luxury 4 Bedroom Penthouse,4 BEDROOM FLAT / APARTMENT FOR SHORTLET,Gudu District Apo Abuja,"  160,000/day ",2022-07-27, 9GZST,4,False,False,False,5,5,160000,4800000,58400000,Abuja
4 Bedroom Duplex,4 BEDROOM HOUSE FOR SHORTLET,Off Salvation Road Opebi Ikeja Opebi Ikeja Lagos,"  80,000/day ",2022-12-07, 4HSKZ,4,False,False,False,9,9,80000,2400000,29200000,Lagos
4 Bedroom Duplex,4 BEDROOM HOUSE FOR SHORTLET,Ikeja Medical Center Allen Avenue Ikeja Lagos,"  70,000/day ",2022-08-20, 1HCXV,4,False,True,False,9,0,70000,2100000,25550000,Lagos
Well Furnished 4 Bedroom Duplex Short Rent Apartment,4 BEDROOM HOUSE FOR SHORTLET,Itedo Estate Ikate Ikate Lekki Lagos,"  100,000 ",2022-02-03, 4FZUC,4,True,True,True,4,5,100000,1200000,36500000,Lagos
Very Clean And Decent 4bedroom Terrace,4 BEDROOM HOUSE FOR SHORTLET,Lekki Right Lekki Phase 1 Lekki Lagos,"  140,000/day ",2021-08-13, 9FECM,4,False,False,True,4,5,140000,4200000,51100000,Lagos
A Fully Furnished 4 Bedroom Serviced Terrace,4 BEDROOM HOUSE FOR SHORTLET,Ruxton Road Old Ikoyi Ikoyi Lagos,"  180,000 ",2023-04-05, 0JFUC,4,False,True,True,4,5,180000,2160000,65700000,Lagos
4 Bedroom Duplex,4 BEDROOM HOUSE FOR SHORTLET,Osapa London Lekki Lagos,"  180,000/day ",2022-12-29, 8HVAS,4,False,True,True,4,4,180000,5400000,65700000,Lagos
Tastefully Finished 4 Bedroom Terrace Duplex,4 BEDROOM HOUSE FOR SHORTLET,1195 Adamu Aliero Crescent Guzape Abuja,"  150,000/day ",2023-04-12, 8JGLV,4,True,True,True,4,5,150000,4500000,54750000,Abuja
4 Bedroom Duplex,4 BEDROOM FLAT / APARTMENT FOR SHORTLET,Ogudu Lagos,"  110,000/day ",2022-12-21, 9HUGN,4,True,True,True,5,5,110000,3300000,40150000,Lagos
Decorated 4 Bedroom Semi Detached Duplex,4 BEDROOM HOUSE FOR SHORTLET,Victoria Bay 3 Estate Ikate Lekki Lagos,"  120,000/day ",2022-03-19, 2GFXN,4,True,True,True,4,5,120000,3600000,43800000,Lagos
4 Bedroom Detached Duplex,4 BEDROOM HOUSE FOR SHORTLET,"By Richmond Gate Estate, Ikate Lekki Lagos","  120,000/day ",2022-10-21, 6HLVB,4,False,False,False,4,5,120000,3600000,43800000,Lagos
Luxurious 4 Bedroom With 24 Hours Electricity And Security,4 BEDROOM FLAT / APARTMENT FOR SHORTLET,Vgc Lekki Lagos,"  80,000/day ",2020-08-22, 2DTMH,4,False,False,True,4,5,80000,2400000,29200000,Lagos
4 Bedroom Terrace Duplex,4 BEDROOM HOUSE FOR SHORTLET,Kosofe Ikosi Lagos,"  85,000/day ",2022-10-05, 6HJQH,4,False,False,False,4,5,85000,2550000,31025000,Lagos
4 Bedroom Duplex,4 BEDROOM FLAT / APARTMENT FOR SHORTLET,Ikota Lekki Lagos,"  130,000/day ",2023-02-17, 8JASD,4,True,True,True,4,5,130000,3900000,47450000,Lagos
Luxury 4 Bedroom Terrace Duplex,4 BEDROOM FLAT / APARTMENT FOR SHORTLET,Ikota Lekki Lagos,"  120,000/day ",2023-02-18, 4JATY,4,True,True,True,4,5,120000,3600000,43800000,Lagos
"Exclusive 4bedroom Duplex With A Lovely Swimming Pool, We Offer Good Services And Satisfied Our Clients",4 BEDROOM FLAT / APARTMENT FOR SHORTLET,Ikate Lekki Lagos,"  160,000/day ",2021-12-07, 4FTXJ,4,False,True,True,4,5,160000,4800000,58400000,Lagos
"Luxurious 4bedroom Apartment, In Lekki Ikate, We Offer Premium And Adquate Services, Comes With A Snooker Board And Lovely Swimming Pool.",4 BEDROOM FLAT / APARTMENT FOR SHORTLET,Ikate Lekki Lagos,"  130,000/day ",2021-12-07, 1FTXK,4,False,True,True,4,5,130000,3900000,47450000,Lagos
"4bedroom Duplex In Ikoyi Parkview Estate, Comes With The Expression Of Lifestyle, 2sitting Rooms, Garden, Gym And Morden Interiors Furniture, We Offer Accurate Services",4 BEDROOM FLAT / APARTMENT FOR SHORTLET,Parkview Estate Ikoyi Lagos,"  195,000/day ",2021-12-11, 3FUKC,4,False,True,True,4,5,195000,5850000,71175000,Lagos
"Exclusive 4 Bedroom Short Let Apartment, Well Organized And In Safer Part Of Lekki, With Good Facilities And Services",4 BEDROOM FLAT / APARTMENT FOR SHORTLET,Ikate Lekki Lagos,"  120,000/day ",2021-12-13, 5FUPH,4,False,True,True,4,5,120000,3600000,43800000,Lagos
4 Bedroom Apartment,4 BEDROOM FLAT / APARTMENT FOR SHORTLET,Ikate Lekki Lagos,"  120,000/day ",2021-11-11, 9FQZW,4,False,True,True,4,5,120000,3600000,43800000,Lagos
Furnished 4 Bedroom Duplex,4 BEDROOM FLAT / APARTMENT FOR SHORTLET,Omole Phase 2 Ikeja Lagos,"  140,000/day ",2022-04-16, 6GKSB,4,True,True,True,4,4,140000,4200000,51100000,Lagos
